date,day,month_num,month_name,year,day_of_month_number_leap_year,day_of_year_number_leap_year,month_index
5/14/2022,14,5,January,2022,14,134,24269
5/15/2022,15,5,January,2022,15,135,24269
5/16/2022,16,5,January,2022,16,136,24269
5/17/2022,17,5,January,2022,17,137,24269
5/18/2022,18,5,January,2022,18,138,24269
5/19/2022,19,5,January,2022,19,139,24269
5/20/2022,20,5,January,2022,20,140,24269
5/21/2022,21,5,January,2022,21,141,24269
5/22/2022,22,5,January,2022,22,142,24269
5/23/2022,23,5,January,2022,23,143,24269
5/24/2022,24,5,January,2022,24,144,24269
5/25/2022,25,5,January,2022,25,145,24269
5/26/2022,26,5,January,2022,26,146,24269
5/27/2022,27,5,January,2022,27,147,24269
5/28/2022,28,5,January,2022,28,148,24269
5/29/2022,29,5,January,2022,29,149,24269
5/30/2022,30,5,January,2022,30,150,24269
5/31/2022,31,5,January,2022,31,151,24269
6/1/2022,1,6,January,2022,1,152,24270
6/2/2022,2,6,January,2022,2,153,24270
6/3/2022,3,6,January,2022,3,154,24270
6/4/2022,4,6,January,2022,4,155,24270
6/5/2022,5,6,January,2022,5,156,24270
6/6/2022,6,6,January,2022,6,157,24270
6/7/2022,7,6,January,2022,7,158,24270
6/8/2022,8,6,January,2022,8,159,24270
6/9/2022,9,6,January,2022,9,160,24270
6/10/2022,10,6,January,2022,10,161,24270
6/11/2022,11,6,January,2022,11,162,24270
6/12/2022,12,6,January,2022,12,163,24270
6/13/2022,13,6,January,2022,13,164,24270
6/14/2022,14,6,January,2022,14,165,24270
6/15/2022,15,6,January,2022,15,166,24270
6/16/2022,16,6,January,2022,16,167,24270
6/17/2022,17,6,January,2022,17,168,24270
6/18/2022,18,6,January,2022,18,169,24270
6/19/2022,19,6,January,2022,19,170,24270
6/20/2022,20,6,January,2022,20,171,24270
6/21/2022,21,6,January,2022,21,172,24270
6/22/2022,22,6,January,2022,22,173,24270
6/23/2022,23,6,January,2022,23,174,24270
6/24/2022,24,6,January,2022,24,175,24270
6/25/2022,25,6,January,2022,25,176,24270
6/26/2022,26,6,January,2022,26,177,24270
6/27/2022,27,6,January,2022,27,178,24270
6/28/2022,28,6,January,2022,28,179,24270
6/29/2022,29,6,January,2022,29,180,24270
6/30/2022,30,6,January,2022,30,181,24270
7/1/2022,1,7,January,2022,1,182,24271
7/2/2022,2,7,January,2022,2,183,24271
7/3/2022,3,7,January,2022,3,184,24271
7/4/2022,4,7,January,2022,4,185,24271
7/5/2022,5,7,January,2022,5,186,24271
7/6/2022,6,7,January,2022,6,187,24271
7/7/2022,7,7,January,2022,7,188,24271
7/8/2022,8,7,January,2022,8,189,24271
7/9/2022,9,7,January,2022,9,190,24271
7/10/2022,10,7,January,2022,10,191,24271
7/11/2022,11,7,January,2022,11,192,24271
7/12/2022,12,7,January,2022,12,193,24271
7/13/2022,13,7,January,2022,13,194,24271
7/14/2022,14,7,January,2022,14,195,24271
7/15/2022,15,7,January,2022,15,196,24271
7/16/2022,16,7,January,2022,16,197,24271
7/17/2022,17,7,January,2022,17,198,24271
7/18/2022,18,7,January,2022,18,199,24271
7/19/2022,19,7,January,2022,19,200,24271
7/20/2022,20,7,January,2022,20,201,24271
7/21/2022,21,7,January,2022,21,202,24271
7/22/2022,22,7,January,2022,22,203,24271
7/23/2022,23,7,January,2022,23,204,24271
7/24/2022,24,7,January,2022,24,205,24271
7/25/2022,25,7,January,2022,25,206,24271
7/26/2022,26,7,January,2022,26,207,24271
7/27/2022,27,7,January,2022,27,208,24271
7/28/2022,28,7,January,2022,28,209,24271
7/29/2022,29,7,January,2022,29,210,24271
7/30/2022,30,7,January,2022,30,211,24271
7/31/2022,31,7,January,2022,31,212,24271
8/1/2022,1,8,January,2022,1,213,24272
8/2/2022,2,8,January,2022,2,214,24272
8/3/2022,3,8,January,2022,3,215,24272
8/4/2022,4,8,January,2022,4,216,24272
8/5/2022,5,8,January,2022,5,217,24272
8/6/2022,6,8,January,2022,6,218,24272
8/7/2022,7,8,January,2022,7,219,24272
8/8/2022,8,8,January,2022,8,220,24272
8/9/2022,9,8,January,2022,9,221,24272
8/10/2022,10,8,January,2022,10,222,24272
8/11/2022,11,8,January,2022,11,223,24272
8/12/2022,12,8,January,2022,12,224,24272
8/13/2022,13,8,January,2022,13,225,24272
8/14/2022,14,8,January,2022,14,226,24272
8/15/2022,15,8,January,2022,15,227,24272
8/16/2022,16,8,January,2022,16,228,24272
8/17/2022,17,8,January,2022,17,229,24272
8/18/2022,18,8,January,2022,18,230,24272
8/19/2022,19,8,January,2022,19,231,24272
8/20/2022,20,8,January,2022,20,232,24272
8/21/2022,21,8,January,2022,21,233,24272
8/22/2022,22,8,January,2022,22,234,24272
8/23/2022,23,8,January,2022,23,235,24272
8/24/2022,24,8,January,2022,24,236,24272
8/25/2022,25,8,January,2022,25,237,24272
8/26/2022,26,8,January,2022,26,238,24272
8/27/2022,27,8,January,2022,27,239,24272
8/28/2022,28,8,January,2022,28,240,24272
8/29/2022,29,8,January,2022,29,241,24272
8/30/2022,30,8,January,2022,30,242,24272
8/31/2022,31,8,January,2022,31,243,24272
9/1/2022,1,9,January,2022,1,244,24273
9/2/2022,2,9,January,2022,2,245,24273
9/3/2022,3,9,January,2022,3,246,24273
9/4/2022,4,9,January,2022,4,247,24273
9/5/2022,5,9,January,2022,5,248,24273
9/6/2022,6,9,January,2022,6,249,24273
9/7/2022,7,9,January,2022,7,250,24273
9/8/2022,8,9,January,2022,8,251,24273
9/9/2022,9,9,January,2022,9,252,24273
9/10/2022,10,9,January,2022,10,253,24273
9/11/2022,11,9,January,2022,11,254,24273
9/12/2022,12,9,January,2022,12,255,24273
9/13/2022,13,9,January,2022,13,256,24273
9/14/2022,14,9,January,2022,14,257,24273
9/15/2022,15,9,January,2022,15,258,24273
9/16/2022,16,9,January,2022,16,259,24273
9/17/2022,17,9,January,2022,17,260,24273
9/18/2022,18,9,January,2022,18,261,24273
9/19/2022,19,9,January,2022,19,262,24273
9/20/2022,20,9,January,2022,20,263,24273
9/21/2022,21,9,January,2022,21,264,24273
9/22/2022,22,9,January,2022,22,265,24273
9/23/2022,23,9,January,2022,23,266,24273
9/24/2022,24,9,January,2022,24,267,24273
9/25/2022,25,9,January,2022,25,268,24273
9/26/2022,26,9,January,2022,26,269,24273
9/27/2022,27,9,January,2022,27,270,24273
9/28/2022,28,9,January,2022,28,271,24273
9/29/2022,29,9,January,2022,29,272,24273
9/30/2022,30,9,January,2022,30,273,24273
10/1/2022,1,10,January,2022,1,274,24274
10/2/2022,2,10,January,2022,2,275,24274
10/3/2022,3,10,January,2022,3,276,24274
10/4/2022,4,10,January,2022,4,277,24274
10/5/2022,5,10,January,2022,5,278,24274
10/6/2022,6,10,January,2022,6,279,24274
10/7/2022,7,10,January,2022,7,280,24274
10/8/2022,8,10,January,2022,8,281,24274
10/9/2022,9,10,January,2022,9,282,24274
10/10/2022,10,10,January,2022,10,283,24274
10/11/2022,11,10,January,2022,11,284,24274
10/12/2022,12,10,January,2022,12,285,24274
10/13/2022,13,10,January,2022,13,286,24274
10/14/2022,14,10,January,2022,14,287,24274
10/15/2022,15,10,January,2022,15,288,24274
10/16/2022,16,10,January,2022,16,289,24274
10/17/2022,17,10,January,2022,17,290,24274
10/18/2022,18,10,January,2022,18,291,24274
10/19/2022,19,10,January,2022,19,292,24274
10/20/2022,20,10,January,2022,20,293,24274
10/21/2022,21,10,January,2022,21,294,24274
10/22/2022,22,10,January,2022,22,295,24274
10/23/2022,23,10,January,2022,23,296,24274
10/24/2022,24,10,January,2022,24,297,24274
10/25/2022,25,10,January,2022,25,298,24274
10/26/2022,26,10,January,2022,26,299,24274
10/27/2022,27,10,January,2022,27,300,24274
10/28/2022,28,10,January,2022,28,301,24274
10/29/2022,29,10,January,2022,29,302,24274
10/30/2022,30,10,January,2022,30,303,24274
10/31/2022,31,10,January,2022,31,304,24274
11/1/2022,1,11,January,2022,1,305,24275
11/2/2022,2,11,January,2022,2,306,24275
11/3/2022,3,11,January,2022,3,307,24275
11/4/2022,4,11,January,2022,4,308,24275
11/5/2022,5,11,January,2022,5,309,24275
11/6/2022,6,11,January,2022,6,310,24275
11/7/2022,7,11,January,2022,7,311,24275
11/8/2022,8,11,January,2022,8,312,24275
11/9/2022,9,11,January,2022,9,313,24275
11/10/2022,10,11,January,2022,10,314,24275
11/11/2022,11,11,January,2022,11,315,24275
11/12/2022,12,11,January,2022,12,316,24275
11/13/2022,13,11,January,2022,13,317,24275
11/14/2022,14,11,January,2022,14,318,24275
11/15/2022,15,11,January,2022,15,319,24275
11/16/2022,16,11,January,2022,16,320,24275
11/17/2022,17,11,January,2022,17,321,24275
11/18/2022,18,11,January,2022,18,322,24275
11/19/2022,19,11,January,2022,19,323,24275
11/20/2022,20,11,January,2022,20,324,24275
11/21/2022,21,11,January,2022,21,325,24275
11/22/2022,22,11,January,2022,22,326,24275
11/23/2022,23,11,January,2022,23,327,24275
11/24/2022,24,11,January,2022,24,328,24275
11/25/2022,25,11,January,2022,25,329,24275
11/26/2022,26,11,January,2022,26,330,24275
11/27/2022,27,11,January,2022,27,331,24275
11/28/2022,28,11,January,2022,28,332,24275
11/29/2022,29,11,January,2022,29,333,24275
11/30/2022,30,11,January,2022,30,334,24275
12/1/2022,1,12,January,2022,1,335,24276
12/2/2022,2,12,January,2022,2,336,24276
12/3/2022,3,12,January,2022,3,337,24276
12/4/2022,4,12,January,2022,4,338,24276
12/5/2022,5,12,January,2022,5,339,24276
12/6/2022,6,12,January,2022,6,340,24276
12/7/2022,7,12,January,2022,7,341,24276
12/8/2022,8,12,January,2022,8,342,24276
12/9/2022,9,12,January,2022,9,343,24276
12/10/2022,10,12,January,2022,10,344,24276
12/11/2022,11,12,January,2022,11,345,24276
12/12/2022,12,12,January,2022,12,346,24276
12/13/2022,13,12,January,2022,13,347,24276
12/14/2022,14,12,January,2022,14,348,24276
12/15/2022,15,12,January,2022,15,349,24276
12/16/2022,16,12,January,2022,16,350,24276
12/17/2022,17,12,January,2022,17,351,24276
12/18/2022,18,12,January,2022,18,352,24276
12/19/2022,19,12,January,2022,19,353,24276
12/20/2022,20,12,January,2022,20,354,24276
12/21/2022,21,12,January,2022,21,355,24276
12/22/2022,22,12,January,2022,22,356,24276
12/23/2022,23,12,January,2022,23,357,24276
12/24/2022,24,12,January,2022,24,358,24276
12/25/2022,25,12,January,2022,25,359,24276
12/26/2022,26,12,January,2022,26,360,24276
12/27/2022,27,12,January,2022,27,361,24276
12/28/2022,28,12,January,2022,28,362,24276
12/29/2022,29,12,January,2022,29,363,24276
12/30/2022,30,12,January,2022,30,364,24276
12/31/2022,31,12,January,2022,31,365,24276
1/1/2023,1,1,January,2023,1,1,24277
1/2/2023,2,1,January,2023,2,2,24277
1/3/2023,3,1,January,2023,3,3,24277
1/4/2023,4,1,January,2023,4,4,24277
1/5/2023,5,1,January,2023,5,5,24277
1/6/2023,6,1,January,2023,6,6,24277
1/7/2023,7,1,January,2023,7,7,24277
1/8/2023,8,1,January,2023,8,8,24277
1/9/2023,9,1,January,2023,9,9,24277
1/10/2023,10,1,January,2023,10,10,24277
1/11/2023,11,1,January,2023,11,11,24277
1/12/2023,12,1,January,2023,12,12,24277
1/13/2023,13,1,January,2023,13,13,24277
1/14/2023,14,1,January,2023,14,14,24277
1/15/2023,15,1,January,2023,15,15,24277
1/16/2023,16,1,January,2023,16,16,24277
1/17/2023,17,1,January,2023,17,17,24277
1/18/2023,18,1,January,2023,18,18,24277
1/19/2023,19,1,January,2023,19,19,24277
1/20/2023,20,1,January,2023,20,20,24277
1/21/2023,21,1,January,2023,21,21,24277
1/22/2023,22,1,January,2023,22,22,24277
1/23/2023,23,1,January,2023,23,23,24277
1/24/2023,24,1,January,2023,24,24,24277
1/25/2023,25,1,January,2023,25,25,24277
1/26/2023,26,1,January,2023,26,26,24277
1/27/2023,27,1,January,2023,27,27,24277
1/28/2023,28,1,January,2023,28,28,24277
1/29/2023,29,1,January,2023,29,29,24277
1/30/2023,30,1,January,2023,30,30,24277
1/31/2023,31,1,January,2023,31,31,24277
2/1/2023,1,2,January,2023,1,32,24278
2/2/2023,2,2,January,2023,2,33,24278
2/3/2023,3,2,January,2023,3,34,24278
2/4/2023,4,2,January,2023,4,35,24278
2/5/2023,5,2,January,2023,5,36,24278
2/6/2023,6,2,January,2023,6,37,24278
2/7/2023,7,2,January,2023,7,38,24278
2/8/2023,8,2,January,2023,8,39,24278
2/9/2023,9,2,January,2023,9,40,24278
2/10/2023,10,2,January,2023,10,41,24278
2/11/2023,11,2,January,2023,11,42,24278
2/12/2023,12,2,January,2023,12,43,24278
2/13/2023,13,2,January,2023,13,44,24278
2/14/2023,14,2,January,2023,14,45,24278
2/15/2023,15,2,January,2023,15,46,24278
2/16/2023,16,2,January,2023,16,47,24278
2/17/2023,17,2,January,2023,17,48,24278
2/18/2023,18,2,January,2023,18,49,24278
2/19/2023,19,2,January,2023,19,50,24278
2/20/2023,20,2,January,2023,20,51,24278
2/21/2023,21,2,January,2023,21,52,24278
2/22/2023,22,2,January,2023,22,53,24278
2/23/2023,23,2,January,2023,23,54,24278
2/24/2023,24,2,January,2023,24,55,24278
2/25/2023,25,2,January,2023,25,56,24278
2/26/2023,26,2,January,2023,26,57,24278
2/27/2023,27,2,January,2023,27,58,24278
2/28/2023,28,2,January,2023,28,59,24278
3/1/2023,1,3,January,2023,1,60,24279
3/2/2023,2,3,January,2023,2,61,24279
3/3/2023,3,3,January,2023,3,62,24279
3/4/2023,4,3,January,2023,4,63,24279
3/5/2023,5,3,January,2023,5,64,24279
3/6/2023,6,3,January,2023,6,65,24279
3/7/2023,7,3,January,2023,7,66,24279
3/8/2023,8,3,January,2023,8,67,24279
3/9/2023,9,3,January,2023,9,68,24279
3/10/2023,10,3,January,2023,10,69,24279
3/11/2023,11,3,January,2023,11,70,24279
3/12/2023,12,3,January,2023,12,71,24279
3/13/2023,13,3,January,2023,13,72,24279
3/14/2023,14,3,January,2023,14,73,24279
3/15/2023,15,3,January,2023,15,74,24279
3/16/2023,16,3,January,2023,16,75,24279
3/17/2023,17,3,January,2023,17,76,24279
3/18/2023,18,3,January,2023,18,77,24279
3/19/2023,19,3,January,2023,19,78,24279
3/20/2023,20,3,January,2023,20,79,24279
3/21/2023,21,3,January,2023,21,80,24279
3/22/2023,22,3,January,2023,22,81,24279
3/23/2023,23,3,January,2023,23,82,24279
3/24/2023,24,3,January,2023,24,83,24279
3/25/2023,25,3,January,2023,25,84,24279
3/26/2023,26,3,January,2023,26,85,24279
3/27/2023,27,3,January,2023,27,86,24279
3/28/2023,28,3,January,2023,28,87,24279
3/29/2023,29,3,January,2023,29,88,24279
3/30/2023,30,3,January,2023,30,89,24279
3/31/2023,31,3,January,2023,31,90,24279
4/1/2023,1,4,January,2023,1,91,24280
4/2/2023,2,4,January,2023,2,92,24280
4/3/2023,3,4,January,2023,3,93,24280
4/4/2023,4,4,January,2023,4,94,24280
4/5/2023,5,4,January,2023,5,95,24280
4/6/2023,6,4,January,2023,6,96,24280
4/7/2023,7,4,January,2023,7,97,24280
4/8/2023,8,4,January,2023,8,98,24280
4/9/2023,9,4,January,2023,9,99,24280
4/10/2023,10,4,January,2023,10,100,24280
4/11/2023,11,4,January,2023,11,101,24280
4/12/2023,12,4,January,2023,12,102,24280
4/13/2023,13,4,January,2023,13,103,24280
4/14/2023,14,4,January,2023,14,104,24280
4/15/2023,15,4,January,2023,15,105,24280
4/16/2023,16,4,January,2023,16,106,24280
4/17/2023,17,4,January,2023,17,107,24280
4/18/2023,18,4,January,2023,18,108,24280
4/19/2023,19,4,January,2023,19,109,24280
4/20/2023,20,4,January,2023,20,110,24280
4/21/2023,21,4,January,2023,21,111,24280
4/22/2023,22,4,January,2023,22,112,24280
4/23/2023,23,4,January,2023,23,113,24280
4/24/2023,24,4,January,2023,24,114,24280
4/25/2023,25,4,January,2023,25,115,24280
4/26/2023,26,4,January,2023,26,116,24280
4/27/2023,27,4,January,2023,27,117,24280
4/28/2023,28,4,January,2023,28,118,24280
4/29/2023,29,4,January,2023,29,119,24280
4/30/2023,30,4,January,2023,30,120,24280
5/1/2023,1,5,January,2023,1,121,24281
5/2/2023,2,5,January,2023,2,122,24281
5/3/2023,3,5,January,2023,3,123,24281
5/4/2023,4,5,January,2023,4,124,24281
5/5/2023,5,5,January,2023,5,125,24281
5/6/2023,6,5,January,2023,6,126,24281
5/7/2023,7,5,January,2023,7,127,24281
5/8/2023,8,5,January,2023,8,128,24281
5/9/2023,9,5,January,2023,9,129,24281
5/10/2023,10,5,January,2023,10,130,24281
5/11/2023,11,5,January,2023,11,131,24281
5/12/2023,12,5,January,2023,12,132,24281
5/13/2023,13,5,January,2023,13,133,24281
5/14/2023,14,5,January,2023,14,134,24281
5/15/2023,15,5,January,2023,15,135,24281
5/16/2023,16,5,January,2023,16,136,24281
5/17/2023,17,5,January,2023,17,137,24281
5/18/2023,18,5,January,2023,18,138,24281
5/19/2023,19,5,January,2023,19,139,24281
5/20/2023,20,5,January,2023,20,140,24281
5/21/2023,21,5,January,2023,21,141,24281
5/22/2023,22,5,January,2023,22,142,24281
5/23/2023,23,5,January,2023,23,143,24281
5/24/2023,24,5,January,2023,24,144,24281
5/25/2023,25,5,January,2023,25,145,24281
5/26/2023,26,5,January,2023,26,146,24281
5/27/2023,27,5,January,2023,27,147,24281
5/28/2023,28,5,January,2023,28,148,24281
5/29/2023,29,5,January,2023,29,149,24281
5/30/2023,30,5,January,2023,30,150,24281
5/31/2023,31,5,January,2023,31,151,24281
6/1/2023,1,6,January,2023,1,152,24282
6/2/2023,2,6,January,2023,2,153,24282
6/3/2023,3,6,January,2023,3,154,24282
6/4/2023,4,6,January,2023,4,155,24282
6/5/2023,5,6,January,2023,5,156,24282
6/6/2023,6,6,January,2023,6,157,24282
6/7/2023,7,6,January,2023,7,158,24282
6/8/2023,8,6,January,2023,8,159,24282
6/9/2023,9,6,January,2023,9,160,24282
6/10/2023,10,6,January,2023,10,161,24282
6/11/2023,11,6,January,2023,11,162,24282
6/12/2023,12,6,January,2023,12,163,24282
6/13/2023,13,6,January,2023,13,164,24282
6/14/2023,14,6,January,2023,14,165,24282
6/15/2023,15,6,January,2023,15,166,24282
6/16/2023,16,6,January,2023,16,167,24282
6/17/2023,17,6,January,2023,17,168,24282
6/18/2023,18,6,January,2023,18,169,24282
6/19/2023,19,6,January,2023,19,170,24282
6/20/2023,20,6,January,2023,20,171,24282
6/21/2023,21,6,January,2023,21,172,24282
6/22/2023,22,6,January,2023,22,173,24282
6/23/2023,23,6,January,2023,23,174,24282
6/24/2023,24,6,January,2023,24,175,24282
6/25/2023,25,6,January,2023,25,176,24282
6/26/2023,26,6,January,2023,26,177,24282
6/27/2023,27,6,January,2023,27,178,24282
6/28/2023,28,6,January,2023,28,179,24282
6/29/2023,29,6,January,2023,29,180,24282
6/30/2023,30,6,January,2023,30,181,24282
7/1/2023,1,7,January,2023,1,182,24283
7/2/2023,2,7,January,2023,2,183,24283
7/3/2023,3,7,January,2023,3,184,24283
7/4/2023,4,7,January,2023,4,185,24283
7/5/2023,5,7,January,2023,5,186,24283
7/6/2023,6,7,January,2023,6,187,24283
7/7/2023,7,7,January,2023,7,188,24283
7/8/2023,8,7,January,2023,8,189,24283
7/9/2023,9,7,January,2023,9,190,24283
7/10/2023,10,7,January,2023,10,191,24283
7/11/2023,11,7,January,2023,11,192,24283
7/12/2023,12,7,January,2023,12,193,24283
7/13/2023,13,7,January,2023,13,194,24283
7/14/2023,14,7,January,2023,14,195,24283
7/15/2023,15,7,January,2023,15,196,24283
7/16/2023,16,7,January,2023,16,197,24283
7/17/2023,17,7,January,2023,17,198,24283
7/18/2023,18,7,January,2023,18,199,24283
7/19/2023,19,7,January,2023,19,200,24283
7/20/2023,20,7,January,2023,20,201,24283
7/21/2023,21,7,January,2023,21,202,24283
7/22/2023,22,7,January,2023,22,203,24283
7/23/2023,23,7,January,2023,23,204,24283
7/24/2023,24,7,January,2023,24,205,24283
7/25/2023,25,7,January,2023,25,206,24283
7/26/2023,26,7,January,2023,26,207,24283
7/27/2023,27,7,January,2023,27,208,24283
7/28/2023,28,7,January,2023,28,209,24283
7/29/2023,29,7,January,2023,29,210,24283
7/30/2023,30,7,January,2023,30,211,24283
7/31/2023,31,7,January,2023,31,212,24283
8/1/2023,1,8,January,2023,1,213,24284
8/2/2023,2,8,January,2023,2,214,24284
8/3/2023,3,8,January,2023,3,215,24284
8/4/2023,4,8,January,2023,4,216,24284
8/5/2023,5,8,January,2023,5,217,24284
8/6/2023,6,8,January,2023,6,218,24284
8/7/2023,7,8,January,2023,7,219,24284
8/8/2023,8,8,January,2023,8,220,24284
8/9/2023,9,8,January,2023,9,221,24284
8/10/2023,10,8,January,2023,10,222,24284
8/11/2023,11,8,January,2023,11,223,24284
8/12/2023,12,8,January,2023,12,224,24284
8/13/2023,13,8,January,2023,13,225,24284
8/14/2023,14,8,January,2023,14,226,24284
8/15/2023,15,8,January,2023,15,227,24284
8/16/2023,16,8,January,2023,16,228,24284
8/17/2023,17,8,January,2023,17,229,24284
8/18/2023,18,8,January,2023,18,230,24284
8/19/2023,19,8,January,2023,19,231,24284
8/20/2023,20,8,January,2023,20,232,24284
8/21/2023,21,8,January,2023,21,233,24284
8/22/2023,22,8,January,2023,22,234,24284
8/23/2023,23,8,January,2023,23,235,24284
8/24/2023,24,8,January,2023,24,236,24284
8/25/2023,25,8,January,2023,25,237,24284
8/26/2023,26,8,January,2023,26,238,24284
8/27/2023,27,8,January,2023,27,239,24284
8/28/2023,28,8,January,2023,28,240,24284
8/29/2023,29,8,January,2023,29,241,24284
8/30/2023,30,8,January,2023,30,242,24284
8/31/2023,31,8,January,2023,31,243,24284
9/1/2023,1,9,January,2023,1,244,24285
9/2/2023,2,9,January,2023,2,245,24285
9/3/2023,3,9,January,2023,3,246,24285
9/4/2023,4,9,January,2023,4,247,24285
9/5/2023,5,9,January,2023,5,248,24285
9/6/2023,6,9,January,2023,6,249,24285
9/7/2023,7,9,January,2023,7,250,24285
9/8/2023,8,9,January,2023,8,251,24285
9/9/2023,9,9,January,2023,9,252,24285
9/10/2023,10,9,January,2023,10,253,24285
9/11/2023,11,9,January,2023,11,254,24285
9/12/2023,12,9,January,2023,12,255,24285
9/13/2023,13,9,January,2023,13,256,24285
9/14/2023,14,9,January,2023,14,257,24285
9/15/2023,15,9,January,2023,15,258,24285
9/16/2023,16,9,January,2023,16,259,24285
9/17/2023,17,9,January,2023,17,260,24285
9/18/2023,18,9,January,2023,18,261,24285
9/19/2023,19,9,January,2023,19,262,24285
9/20/2023,20,9,January,2023,20,263,24285
9/21/2023,21,9,January,2023,21,264,24285
9/22/2023,22,9,January,2023,22,265,24285
9/23/2023,23,9,January,2023,23,266,24285
9/24/2023,24,9,January,2023,24,267,24285
9/25/2023,25,9,January,2023,25,268,24285
9/26/2023,26,9,January,2023,26,269,24285
9/27/2023,27,9,January,2023,27,270,24285
9/28/2023,28,9,January,2023,28,271,24285
9/29/2023,29,9,January,2023,29,272,24285
9/30/2023,30,9,January,2023,30,273,24285
10/1/2023,1,10,January,2023,1,274,24286
10/2/2023,2,10,January,2023,2,275,24286
10/3/2023,3,10,January,2023,3,276,24286
10/4/2023,4,10,January,2023,4,277,24286
10/5/2023,5,10,January,2023,5,278,24286
10/6/2023,6,10,January,2023,6,279,24286
10/7/2023,7,10,January,2023,7,280,24286
10/8/2023,8,10,January,2023,8,281,24286
10/9/2023,9,10,January,2023,9,282,24286
10/10/2023,10,10,January,2023,10,283,24286
10/11/2023,11,10,January,2023,11,284,24286
10/12/2023,12,10,January,2023,12,285,24286
10/13/2023,13,10,January,2023,13,286,24286
10/14/2023,14,10,January,2023,14,287,24286
10/15/2023,15,10,January,2023,15,288,24286
10/16/2023,16,10,January,2023,16,289,24286
10/17/2023,17,10,January,2023,17,290,24286
10/18/2023,18,10,January,2023,18,291,24286
10/19/2023,19,10,January,2023,19,292,24286
10/20/2023,20,10,January,2023,20,293,24286
10/21/2023,21,10,January,2023,21,294,24286
10/22/2023,22,10,January,2023,22,295,24286
10/23/2023,23,10,January,2023,23,296,24286
10/24/2023,24,10,January,2023,24,297,24286
10/25/2023,25,10,January,2023,25,298,24286
10/26/2023,26,10,January,2023,26,299,24286
10/27/2023,27,10,January,2023,27,300,24286
10/28/2023,28,10,January,2023,28,301,24286
10/29/2023,29,10,January,2023,29,302,24286
10/30/2023,30,10,January,2023,30,303,24286
10/31/2023,31,10,January,2023,31,304,24286
11/1/2023,1,11,January,2023,1,305,24287
11/2/2023,2,11,January,2023,2,306,24287
11/3/2023,3,11,January,2023,3,307,24287
11/4/2023,4,11,January,2023,4,308,24287
11/5/2023,5,11,January,2023,5,309,24287
11/6/2023,6,11,January,2023,6,310,24287
11/7/2023,7,11,January,2023,7,311,24287
11/8/2023,8,11,January,2023,8,312,24287
11/9/2023,9,11,January,2023,9,313,24287
11/10/2023,10,11,January,2023,10,314,24287
11/11/2023,11,11,January,2023,11,315,24287
11/12/2023,12,11,January,2023,12,316,24287
11/13/2023,13,11,January,2023,13,317,24287
11/14/2023,14,11,January,2023,14,318,24287
11/15/2023,15,11,January,2023,15,319,24287
11/16/2023,16,11,January,2023,16,320,24287
11/17/2023,17,11,January,2023,17,321,24287
11/18/2023,18,11,January,2023,18,322,24287
11/19/2023,19,11,January,2023,19,323,24287
11/20/2023,20,11,January,2023,20,324,24287
11/21/2023,21,11,January,2023,21,325,24287
11/22/2023,22,11,January,2023,22,326,24287
11/23/2023,23,11,January,2023,23,327,24287
11/24/2023,24,11,January,2023,24,328,24287
11/25/2023,25,11,January,2023,25,329,24287
11/26/2023,26,11,January,2023,26,330,24287
11/27/2023,27,11,January,2023,27,331,24287
11/28/2023,28,11,January,2023,28,332,24287
11/29/2023,29,11,January,2023,29,333,24287
11/30/2023,30,11,January,2023,30,334,24287
12/1/2023,1,12,January,2023,1,335,24288
12/2/2023,2,12,January,2023,2,336,24288
12/3/2023,3,12,January,2023,3,337,24288
12/4/2023,4,12,January,2023,4,338,24288
12/5/2023,5,12,January,2023,5,339,24288
12/6/2023,6,12,January,2023,6,340,24288
12/7/2023,7,12,January,2023,7,341,24288
12/8/2023,8,12,January,2023,8,342,24288
12/9/2023,9,12,January,2023,9,343,24288
12/10/2023,10,12,January,2023,10,344,24288
12/11/2023,11,12,January,2023,11,345,24288
12/12/2023,12,12,January,2023,12,346,24288
12/13/2023,13,12,January,2023,13,347,24288
12/14/2023,14,12,January,2023,14,348,24288
12/15/2023,15,12,January,2023,15,349,24288
12/16/2023,16,12,January,2023,16,350,24288
12/17/2023,17,12,January,2023,17,351,24288
12/18/2023,18,12,January,2023,18,352,24288
12/19/2023,19,12,January,2023,19,353,24288
12/20/2023,20,12,January,2023,20,354,24288
12/21/2023,21,12,January,2023,21,355,24288
12/22/2023,22,12,January,2023,22,356,24288
12/23/2023,23,12,January,2023,23,357,24288
12/24/2023,24,12,January,2023,24,358,24288
12/25/2023,25,12,January,2023,25,359,24288
12/26/2023,26,12,January,2023,26,360,24288
12/27/2023,27,12,January,2023,27,361,24288
12/28/2023,28,12,January,2023,28,362,24288
12/29/2023,29,12,January,2023,29,363,24288
12/30/2023,30,12,January,2023,30,364,24288
12/31/2023,31,12,January,2023,31,365,24288
1/1/2024,1,1,January,2024,1,1,24289
1/2/2024,2,1,January,2024,2,2,24289
1/3/2024,3,1,January,2024,3,3,24289
1/4/2024,4,1,January,2024,4,4,24289
1/5/2024,5,1,January,2024,5,5,24289
1/6/2024,6,1,January,2024,6,6,24289
1/7/2024,7,1,January,2024,7,7,24289
1/8/2024,8,1,January,2024,8,8,24289
1/9/2024,9,1,January,2024,9,9,24289
1/10/2024,10,1,January,2024,10,10,24289
1/11/2024,11,1,January,2024,11,11,24289
1/12/2024,12,1,January,2024,12,12,24289
1/13/2024,13,1,January,2024,13,13,24289
1/14/2024,14,1,January,2024,14,14,24289
1/15/2024,15,1,January,2024,15,15,24289
1/16/2024,16,1,January,2024,16,16,24289
1/17/2024,17,1,January,2024,17,17,24289
1/18/2024,18,1,January,2024,18,18,24289
1/19/2024,19,1,January,2024,19,19,24289
1/20/2024,20,1,January,2024,20,20,24289
1/21/2024,21,1,January,2024,21,21,24289
1/22/2024,22,1,January,2024,22,22,24289
1/23/2024,23,1,January,2024,23,23,24289
1/24/2024,24,1,January,2024,24,24,24289
1/25/2024,25,1,January,2024,25,25,24289
1/26/2024,26,1,January,2024,26,26,24289
1/27/2024,27,1,January,2024,27,27,24289
1/28/2024,28,1,January,2024,28,28,24289
1/29/2024,29,1,January,2024,29,29,24289
1/30/2024,30,1,January,2024,30,30,24289
1/31/2024,31,1,January,2024,31,31,24289
2/1/2024,1,2,January,2024,1,32,24290
2/2/2024,2,2,January,2024,2,33,24290
2/3/2024,3,2,January,2024,3,34,24290
2/4/2024,4,2,January,2024,4,35,24290
2/5/2024,5,2,January,2024,5,36,24290
2/6/2024,6,2,January,2024,6,37,24290
2/7/2024,7,2,January,2024,7,38,24290
2/8/2024,8,2,January,2024,8,39,24290
2/9/2024,9,2,January,2024,9,40,24290
2/10/2024,10,2,January,2024,10,41,24290
2/11/2024,11,2,January,2024,11,42,24290
2/12/2024,12,2,January,2024,12,43,24290
2/13/2024,13,2,January,2024,13,44,24290
2/14/2024,14,2,January,2024,14,45,24290
2/15/2024,15,2,January,2024,15,46,24290
2/16/2024,16,2,January,2024,16,47,24290
2/17/2024,17,2,January,2024,17,48,24290
2/18/2024,18,2,January,2024,18,49,24290
2/19/2024,19,2,January,2024,19,50,24290
2/20/2024,20,2,January,2024,20,51,24290
2/21/2024,21,2,January,2024,21,52,24290
2/22/2024,22,2,January,2024,22,53,24290
2/23/2024,23,2,January,2024,23,54,24290
2/24/2024,24,2,January,2024,24,55,24290
2/25/2024,25,2,January,2024,25,56,24290
2/26/2024,26,2,January,2024,26,57,24290
2/27/2024,27,2,January,2024,27,58,24290
2/28/2024,28,2,January,2024,28,59,24290
2/29/2024,29,2,January,2024,29,60,24290
3/1/2024,1,3,January,2024,1,61,24291
3/2/2024,2,3,January,2024,2,62,24291
3/3/2024,3,3,January,2024,3,63,24291
3/4/2024,4,3,January,2024,4,64,24291
3/5/2024,5,3,January,2024,5,65,24291
3/6/2024,6,3,January,2024,6,66,24291
3/7/2024,7,3,January,2024,7,67,24291
3/8/2024,8,3,January,2024,8,68,24291
3/9/2024,9,3,January,2024,9,69,24291
3/10/2024,10,3,January,2024,10,70,24291
3/11/2024,11,3,January,2024,11,71,24291
3/12/2024,12,3,January,2024,12,72,24291
3/13/2024,13,3,January,2024,13,73,24291
3/14/2024,14,3,January,2024,14,74,24291
3/15/2024,15,3,January,2024,15,75,24291
3/16/2024,16,3,January,2024,16,76,24291
3/17/2024,17,3,January,2024,17,77,24291
3/18/2024,18,3,January,2024,18,78,24291
3/19/2024,19,3,January,2024,19,79,24291
3/20/2024,20,3,January,2024,20,80,24291
3/21/2024,21,3,January,2024,21,81,24291
3/22/2024,22,3,January,2024,22,82,24291
3/23/2024,23,3,January,2024,23,83,24291
3/24/2024,24,3,January,2024,24,84,24291
3/25/2024,25,3,January,2024,25,85,24291
3/26/2024,26,3,January,2024,26,86,24291
3/27/2024,27,3,January,2024,27,87,24291
3/28/2024,28,3,January,2024,28,88,24291
3/29/2024,29,3,January,2024,29,89,24291
3/30/2024,30,3,January,2024,30,90,24291
3/31/2024,31,3,January,2024,31,91,24291
4/1/2024,1,4,January,2024,1,92,24292
4/2/2024,2,4,January,2024,2,93,24292
4/3/2024,3,4,January,2024,3,94,24292
4/4/2024,4,4,January,2024,4,95,24292
4/5/2024,5,4,January,2024,5,96,24292
4/6/2024,6,4,January,2024,6,97,24292
4/7/2024,7,4,January,2024,7,98,24292
4/8/2024,8,4,January,2024,8,99,24292
4/9/2024,9,4,January,2024,9,100,24292
4/10/2024,10,4,January,2024,10,101,24292
4/11/2024,11,4,January,2024,11,102,24292
4/12/2024,12,4,January,2024,12,103,24292
4/13/2024,13,4,January,2024,13,104,24292
4/14/2024,14,4,January,2024,14,105,24292
4/15/2024,15,4,January,2024,15,106,24292
4/16/2024,16,4,January,2024,16,107,24292
4/17/2024,17,4,January,2024,17,108,24292
4/18/2024,18,4,January,2024,18,109,24292
4/19/2024,19,4,January,2024,19,110,24292
4/20/2024,20,4,January,2024,20,111,24292
4/21/2024,21,4,January,2024,21,112,24292
4/22/2024,22,4,January,2024,22,113,24292
4/23/2024,23,4,January,2024,23,114,24292
4/24/2024,24,4,January,2024,24,115,24292
4/25/2024,25,4,January,2024,25,116,24292
4/26/2024,26,4,January,2024,26,117,24292
4/27/2024,27,4,January,2024,27,118,24292
4/28/2024,28,4,January,2024,28,119,24292
4/29/2024,29,4,January,2024,29,120,24292
4/30/2024,30,4,January,2024,30,121,24292
5/1/2024,1,5,January,2024,1,122,24293
5/2/2024,2,5,January,2024,2,123,24293
5/3/2024,3,5,January,2024,3,124,24293
5/4/2024,4,5,January,2024,4,125,24293
5/5/2024,5,5,January,2024,5,126,24293
5/6/2024,6,5,January,2024,6,127,24293
5/7/2024,7,5,January,2024,7,128,24293
5/8/2024,8,5,January,2024,8,129,24293
5/9/2024,9,5,January,2024,9,130,24293
5/10/2024,10,5,January,2024,10,131,24293
5/11/2024,11,5,January,2024,11,132,24293
5/12/2024,12,5,January,2024,12,133,24293
5/13/2024,13,5,January,2024,13,134,24293
5/14/2024,14,5,January,2024,14,135,24293
5/15/2024,15,5,January,2024,15,136,24293
5/16/2024,16,5,January,2024,16,137,24293
5/17/2024,17,5,January,2024,17,138,24293
5/18/2024,18,5,January,2024,18,139,24293
5/19/2024,19,5,January,2024,19,140,24293
5/20/2024,20,5,January,2024,20,141,24293
5/21/2024,21,5,January,2024,21,142,24293
5/22/2024,22,5,January,2024,22,143,24293
5/23/2024,23,5,January,2024,23,144,24293
5/24/2024,24,5,January,2024,24,145,24293
5/25/2024,25,5,January,2024,25,146,24293
5/26/2024,26,5,January,2024,26,147,24293
5/27/2024,27,5,January,2024,27,148,24293
5/28/2024,28,5,January,2024,28,149,24293
5/29/2024,29,5,January,2024,29,150,24293
5/30/2024,30,5,January,2024,30,151,24293
5/31/2024,31,5,January,2024,31,152,24293
6/1/2024,1,6,January,2024,1,153,24294
6/2/2024,2,6,January,2024,2,154,24294
6/3/2024,3,6,January,2024,3,155,24294
6/4/2024,4,6,January,2024,4,156,24294
6/5/2024,5,6,January,2024,5,157,24294
6/6/2024,6,6,January,2024,6,158,24294
6/7/2024,7,6,January,2024,7,159,24294
6/8/2024,8,6,January,2024,8,160,24294
6/9/2024,9,6,January,2024,9,161,24294
6/10/2024,10,6,January,2024,10,162,24294
6/11/2024,11,6,January,2024,11,163,24294
6/12/2024,12,6,January,2024,12,164,24294
6/13/2024,13,6,January,2024,13,165,24294
6/14/2024,14,6,January,2024,14,166,24294
6/15/2024,15,6,January,2024,15,167,24294
6/16/2024,16,6,January,2024,16,168,24294
6/17/2024,17,6,January,2024,17,169,24294
6/18/2024,18,6,January,2024,18,170,24294
6/19/2024,19,6,January,2024,19,171,24294
6/20/2024,20,6,January,2024,20,172,24294
6/21/2024,21,6,January,2024,21,173,24294
6/22/2024,22,6,January,2024,22,174,24294
6/23/2024,23,6,January,2024,23,175,24294
6/24/2024,24,6,January,2024,24,176,24294
6/25/2024,25,6,January,2024,25,177,24294
6/26/2024,26,6,January,2024,26,178,24294
6/27/2024,27,6,January,2024,27,179,24294
6/28/2024,28,6,January,2024,28,180,24294
6/29/2024,29,6,January,2024,29,181,24294
6/30/2024,30,6,January,2024,30,182,24294
7/1/2024,1,7,January,2024,1,183,24295
7/2/2024,2,7,January,2024,2,184,24295
7/3/2024,3,7,January,2024,3,185,24295
7/4/2024,4,7,January,2024,4,186,24295
7/5/2024,5,7,January,2024,5,187,24295
7/6/2024,6,7,January,2024,6,188,24295
7/7/2024,7,7,January,2024,7,189,24295
7/8/2024,8,7,January,2024,8,190,24295
7/9/2024,9,7,January,2024,9,191,24295
7/10/2024,10,7,January,2024,10,192,24295
7/11/2024,11,7,January,2024,11,193,24295
7/12/2024,12,7,January,2024,12,194,24295
7/13/2024,13,7,January,2024,13,195,24295
7/14/2024,14,7,January,2024,14,196,24295
7/15/2024,15,7,January,2024,15,197,24295
7/16/2024,16,7,January,2024,16,198,24295
7/17/2024,17,7,January,2024,17,199,24295
7/18/2024,18,7,January,2024,18,200,24295
7/19/2024,19,7,January,2024,19,201,24295
7/20/2024,20,7,January,2024,20,202,24295
7/21/2024,21,7,January,2024,21,203,24295
7/22/2024,22,7,January,2024,22,204,24295
7/23/2024,23,7,January,2024,23,205,24295
7/24/2024,24,7,January,2024,24,206,24295
7/25/2024,25,7,January,2024,25,207,24295
7/26/2024,26,7,January,2024,26,208,24295
7/27/2024,27,7,January,2024,27,209,24295
7/28/2024,28,7,January,2024,28,210,24295
7/29/2024,29,7,January,2024,29,211,24295
7/30/2024,30,7,January,2024,30,212,24295
7/31/2024,31,7,January,2024,31,213,24295
8/1/2024,1,8,January,2024,1,214,24296
8/2/2024,2,8,January,2024,2,215,24296
8/3/2024,3,8,January,2024,3,216,24296
8/4/2024,4,8,January,2024,4,217,24296
8/5/2024,5,8,January,2024,5,218,24296
8/6/2024,6,8,January,2024,6,219,24296
8/7/2024,7,8,January,2024,7,220,24296
8/8/2024,8,8,January,2024,8,221,24296
8/9/2024,9,8,January,2024,9,222,24296
8/10/2024,10,8,January,2024,10,223,24296
8/11/2024,11,8,January,2024,11,224,24296
8/12/2024,12,8,January,2024,12,225,24296
8/13/2024,13,8,January,2024,13,226,24296
8/14/2024,14,8,January,2024,14,227,24296
8/15/2024,15,8,January,2024,15,228,24296
8/16/2024,16,8,January,2024,16,229,24296
8/17/2024,17,8,January,2024,17,230,24296
8/18/2024,18,8,January,2024,18,231,24296
8/19/2024,19,8,January,2024,19,232,24296
8/20/2024,20,8,January,2024,20,233,24296
8/21/2024,21,8,January,2024,21,234,24296
8/22/2024,22,8,January,2024,22,235,24296
8/23/2024,23,8,January,2024,23,236,24296
8/24/2024,24,8,January,2024,24,237,24296
8/25/2024,25,8,January,2024,25,238,24296
8/26/2024,26,8,January,2024,26,239,24296
8/27/2024,27,8,January,2024,27,240,24296
8/28/2024,28,8,January,2024,28,241,24296
8/29/2024,29,8,January,2024,29,242,24296
8/30/2024,30,8,January,2024,30,243,24296
8/31/2024,31,8,January,2024,31,244,24296
9/1/2024,1,9,January,2024,1,245,24297
9/2/2024,2,9,January,2024,2,246,24297
9/3/2024,3,9,January,2024,3,247,24297
9/4/2024,4,9,January,2024,4,248,24297
9/5/2024,5,9,January,2024,5,249,24297
9/6/2024,6,9,January,2024,6,250,24297
9/7/2024,7,9,January,2024,7,251,24297
9/8/2024,8,9,January,2024,8,252,24297
9/9/2024,9,9,January,2024,9,253,24297
9/10/2024,10,9,January,2024,10,254,24297
9/11/2024,11,9,January,2024,11,255,24297
9/12/2024,12,9,January,2024,12,256,24297
9/13/2024,13,9,January,2024,13,257,24297
9/14/2024,14,9,January,2024,14,258,24297
9/15/2024,15,9,January,2024,15,259,24297
9/16/2024,16,9,January,2024,16,260,24297
9/17/2024,17,9,January,2024,17,261,24297
9/18/2024,18,9,January,2024,18,262,24297
9/19/2024,19,9,January,2024,19,263,24297
9/20/2024,20,9,January,2024,20,264,24297
9/21/2024,21,9,January,2024,21,265,24297
9/22/2024,22,9,January,2024,22,266,24297
9/23/2024,23,9,January,2024,23,267,24297
9/24/2024,24,9,January,2024,24,268,24297
9/25/2024,25,9,January,2024,25,269,24297
9/26/2024,26,9,January,2024,26,270,24297
9/27/2024,27,9,January,2024,27,271,24297
9/28/2024,28,9,January,2024,28,272,24297
9/29/2024,29,9,January,2024,29,273,24297
9/30/2024,30,9,January,2024,30,274,24297
10/1/2024,1,10,January,2024,1,275,24298
10/2/2024,2,10,January,2024,2,276,24298
10/3/2024,3,10,January,2024,3,277,24298
10/4/2024,4,10,January,2024,4,278,24298
10/5/2024,5,10,January,2024,5,279,24298
10/6/2024,6,10,January,2024,6,280,24298
10/7/2024,7,10,January,2024,7,281,24298
10/8/2024,8,10,January,2024,8,282,24298
10/9/2024,9,10,January,2024,9,283,24298
10/10/2024,10,10,January,2024,10,284,24298
10/11/2024,11,10,January,2024,11,285,24298
10/12/2024,12,10,January,2024,12,286,24298
10/13/2024,13,10,January,2024,13,287,24298
10/14/2024,14,10,January,2024,14,288,24298
10/15/2024,15,10,January,2024,15,289,24298
10/16/2024,16,10,January,2024,16,290,24298
10/17/2024,17,10,January,2024,17,291,24298
10/18/2024,18,10,January,2024,18,292,24298
10/19/2024,19,10,January,2024,19,293,24298
10/20/2024,20,10,January,2024,20,294,24298
10/21/2024,21,10,January,2024,21,295,24298
10/22/2024,22,10,January,2024,22,296,24298
10/23/2024,23,10,January,2024,23,297,24298
10/24/2024,24,10,January,2024,24,298,24298
10/25/2024,25,10,January,2024,25,299,24298
10/26/2024,26,10,January,2024,26,300,24298
10/27/2024,27,10,January,2024,27,301,24298
10/28/2024,28,10,January,2024,28,302,24298
10/29/2024,29,10,January,2024,29,303,24298
10/30/2024,30,10,January,2024,30,304,24298
10/31/2024,31,10,January,2024,31,305,24298
11/1/2024,1,11,January,2024,1,306,24299
11/2/2024,2,11,January,2024,2,307,24299
11/3/2024,3,11,January,2024,3,308,24299
11/4/2024,4,11,January,2024,4,309,24299
11/5/2024,5,11,January,2024,5,310,24299
11/6/2024,6,11,January,2024,6,311,24299
11/7/2024,7,11,January,2024,7,312,24299
11/8/2024,8,11,January,2024,8,313,24299
11/9/2024,9,11,January,2024,9,314,24299
11/10/2024,10,11,January,2024,10,315,24299
11/11/2024,11,11,January,2024,11,316,24299
11/12/2024,12,11,January,2024,12,317,24299
11/13/2024,13,11,January,2024,13,318,24299
11/14/2024,14,11,January,2024,14,319,24299
11/15/2024,15,11,January,2024,15,320,24299
11/16/2024,16,11,January,2024,16,321,24299
11/17/2024,17,11,January,2024,17,322,24299
11/18/2024,18,11,January,2024,18,323,24299
11/19/2024,19,11,January,2024,19,324,24299
11/20/2024,20,11,January,2024,20,325,24299
11/21/2024,21,11,January,2024,21,326,24299
11/22/2024,22,11,January,2024,22,327,24299
11/23/2024,23,11,January,2024,23,328,24299
11/24/2024,24,11,January,2024,24,329,24299
11/25/2024,25,11,January,2024,25,330,24299
11/26/2024,26,11,January,2024,26,331,24299
11/27/2024,27,11,January,2024,27,332,24299
11/28/2024,28,11,January,2024,28,333,24299
11/29/2024,29,11,January,2024,29,334,24299
11/30/2024,30,11,January,2024,30,335,24299
12/1/2024,1,12,January,2024,1,336,24300
12/2/2024,2,12,January,2024,2,337,24300
12/3/2024,3,12,January,2024,3,338,24300
12/4/2024,4,12,January,2024,4,339,24300
12/5/2024,5,12,January,2024,5,340,24300
12/6/2024,6,12,January,2024,6,341,24300
12/7/2024,7,12,January,2024,7,342,24300
12/8/2024,8,12,January,2024,8,343,24300
12/9/2024,9,12,January,2024,9,344,24300
12/10/2024,10,12,January,2024,10,345,24300
12/11/2024,11,12,January,2024,11,346,24300
12/12/2024,12,12,January,2024,12,347,24300
12/13/2024,13,12,January,2024,13,348,24300
12/14/2024,14,12,January,2024,14,349,24300
12/15/2024,15,12,January,2024,15,350,24300
12/16/2024,16,12,January,2024,16,351,24300
12/17/2024,17,12,January,2024,17,352,24300
12/18/2024,18,12,January,2024,18,353,24300
12/19/2024,19,12,January,2024,19,354,24300
12/20/2024,20,12,January,2024,20,355,24300
12/21/2024,21,12,January,2024,21,356,24300
12/22/2024,22,12,January,2024,22,357,24300
12/23/2024,23,12,January,2024,23,358,24300
12/24/2024,24,12,January,2024,24,359,24300
12/25/2024,25,12,January,2024,25,360,24300
12/26/2024,26,12,January,2024,26,361,24300
12/27/2024,27,12,January,2024,27,362,24300
12/28/2024,28,12,January,2024,28,363,24300
12/29/2024,29,12,January,2024,29,364,24300
12/30/2024,30,12,January,2024,30,365,24300
12/31/2024,31,12,January,2024,31,366,24300
1/1/2025,1,1,January,2025,1,1,24301
1/2/2025,2,1,January,2025,2,2,24301
1/3/2025,3,1,January,2025,3,3,24301
1/4/2025,4,1,January,2025,4,4,24301
1/5/2025,5,1,January,2025,5,5,24301
1/6/2025,6,1,January,2025,6,6,24301
1/7/2025,7,1,January,2025,7,7,24301
1/8/2025,8,1,January,2025,8,8,24301
1/9/2025,9,1,January,2025,9,9,24301
1/10/2025,10,1,January,2025,10,10,24301
1/11/2025,11,1,January,2025,11,11,24301
1/12/2025,12,1,January,2025,12,12,24301
1/13/2025,13,1,January,2025,13,13,24301
1/14/2025,14,1,January,2025,14,14,24301
1/15/2025,15,1,January,2025,15,15,24301
1/16/2025,16,1,January,2025,16,16,24301
1/17/2025,17,1,January,2025,17,17,24301
1/18/2025,18,1,January,2025,18,18,24301
1/19/2025,19,1,January,2025,19,19,24301
1/20/2025,20,1,January,2025,20,20,24301
1/21/2025,21,1,January,2025,21,21,24301
1/22/2025,22,1,January,2025,22,22,24301
1/23/2025,23,1,January,2025,23,23,24301
1/24/2025,24,1,January,2025,24,24,24301
1/25/2025,25,1,January,2025,25,25,24301
1/26/2025,26,1,January,2025,26,26,24301
1/27/2025,27,1,January,2025,27,27,24301
1/28/2025,28,1,January,2025,28,28,24301
1/29/2025,29,1,January,2025,29,29,24301
1/30/2025,30,1,January,2025,30,30,24301
1/31/2025,31,1,January,2025,31,31,24301
2/1/2025,1,2,January,2025,1,32,24302
2/2/2025,2,2,January,2025,2,33,24302
2/3/2025,3,2,January,2025,3,34,24302
2/4/2025,4,2,January,2025,4,35,24302
2/5/2025,5,2,January,2025,5,36,24302
2/6/2025,6,2,January,2025,6,37,24302
2/7/2025,7,2,January,2025,7,38,24302
2/8/2025,8,2,January,2025,8,39,24302
2/9/2025,9,2,January,2025,9,40,24302
2/10/2025,10,2,January,2025,10,41,24302
2/11/2025,11,2,January,2025,11,42,24302
2/12/2025,12,2,January,2025,12,43,24302
2/13/2025,13,2,January,2025,13,44,24302
2/14/2025,14,2,January,2025,14,45,24302
2/15/2025,15,2,January,2025,15,46,24302
2/16/2025,16,2,January,2025,16,47,24302
2/17/2025,17,2,January,2025,17,48,24302
2/18/2025,18,2,January,2025,18,49,24302
2/19/2025,19,2,January,2025,19,50,24302
2/20/2025,20,2,January,2025,20,51,24302
2/21/2025,21,2,January,2025,21,52,24302
2/22/2025,22,2,January,2025,22,53,24302
2/23/2025,23,2,January,2025,23,54,24302
2/24/2025,24,2,January,2025,24,55,24302
2/25/2025,25,2,January,2025,25,56,24302
2/26/2025,26,2,January,2025,26,57,24302
2/27/2025,27,2,January,2025,27,58,24302
2/28/2025,28,2,January,2025,28,59,24302
3/1/2025,1,3,January,2025,1,60,24303
3/2/2025,2,3,January,2025,2,61,24303
3/3/2025,3,3,January,2025,3,62,24303
3/4/2025,4,3,January,2025,4,63,24303
3/5/2025,5,3,January,2025,5,64,24303
3/6/2025,6,3,January,2025,6,65,24303
3/7/2025,7,3,January,2025,7,66,24303
3/8/2025,8,3,January,2025,8,67,24303
3/9/2025,9,3,January,2025,9,68,24303
3/10/2025,10,3,January,2025,10,69,24303
3/11/2025,11,3,January,2025,11,70,24303
3/12/2025,12,3,January,2025,12,71,24303
3/13/2025,13,3,January,2025,13,72,24303
3/14/2025,14,3,January,2025,14,73,24303
3/15/2025,15,3,January,2025,15,74,24303
3/16/2025,16,3,January,2025,16,75,24303
3/17/2025,17,3,January,2025,17,76,24303
3/18/2025,18,3,January,2025,18,77,24303
3/19/2025,19,3,January,2025,19,78,24303
3/20/2025,20,3,January,2025,20,79,24303
3/21/2025,21,3,January,2025,21,80,24303
3/22/2025,22,3,January,2025,22,81,24303
3/23/2025,23,3,January,2025,23,82,24303
3/24/2025,24,3,January,2025,24,83,24303
3/25/2025,25,3,January,2025,25,84,24303
3/26/2025,26,3,January,2025,26,85,24303
3/27/2025,27,3,January,2025,27,86,24303
3/28/2025,28,3,January,2025,28,87,24303
3/29/2025,29,3,January,2025,29,88,24303
3/30/2025,30,3,January,2025,30,89,24303
3/31/2025,31,3,January,2025,31,90,24303
4/1/2025,1,4,January,2025,1,91,24304
4/2/2025,2,4,January,2025,2,92,24304
4/3/2025,3,4,January,2025,3,93,24304
4/4/2025,4,4,January,2025,4,94,24304
4/5/2025,5,4,January,2025,5,95,24304
4/6/2025,6,4,January,2025,6,96,24304
4/7/2025,7,4,January,2025,7,97,24304
4/8/2025,8,4,January,2025,8,98,24304
4/9/2025,9,4,January,2025,9,99,24304
4/10/2025,10,4,January,2025,10,100,24304
4/11/2025,11,4,January,2025,11,101,24304
4/12/2025,12,4,January,2025,12,102,24304
4/13/2025,13,4,January,2025,13,103,24304
4/14/2025,14,4,January,2025,14,104,24304
4/15/2025,15,4,January,2025,15,105,24304
4/16/2025,16,4,January,2025,16,106,24304
4/17/2025,17,4,January,2025,17,107,24304
4/18/2025,18,4,January,2025,18,108,24304
4/19/2025,19,4,January,2025,19,109,24304
4/20/2025,20,4,January,2025,20,110,24304
4/21/2025,21,4,January,2025,21,111,24304
4/22/2025,22,4,January,2025,22,112,24304
4/23/2025,23,4,January,2025,23,113,24304
4/24/2025,24,4,January,2025,24,114,24304
4/25/2025,25,4,January,2025,25,115,24304
4/26/2025,26,4,January,2025,26,116,24304
4/27/2025,27,4,January,2025,27,117,24304
4/28/2025,28,4,January,2025,28,118,24304
4/29/2025,29,4,January,2025,29,119,24304
4/30/2025,30,4,January,2025,30,120,24304
5/1/2025,1,5,January,2025,1,121,24305
5/2/2025,2,5,January,2025,2,122,24305
5/3/2025,3,5,January,2025,3,123,24305
5/4/2025,4,5,January,2025,4,124,24305
5/5/2025,5,5,January,2025,5,125,24305
5/6/2025,6,5,January,2025,6,126,24305
5/7/2025,7,5,January,2025,7,127,24305
5/8/2025,8,5,January,2025,8,128,24305
5/9/2025,9,5,January,2025,9,129,24305
5/10/2025,10,5,January,2025,10,130,24305
5/11/2025,11,5,January,2025,11,131,24305
5/12/2025,12,5,January,2025,12,132,24305
5/13/2025,13,5,January,2025,13,133,24305
5/14/2025,14,5,January,2025,14,134,24305
5/15/2025,15,5,January,2025,15,135,24305
5/16/2025,16,5,January,2025,16,136,24305
5/17/2025,17,5,January,2025,17,137,24305
5/18/2025,18,5,January,2025,18,138,24305
5/19/2025,19,5,January,2025,19,139,24305
5/20/2025,20,5,January,2025,20,140,24305
5/21/2025,21,5,January,2025,21,141,24305
5/22/2025,22,5,January,2025,22,142,24305
5/23/2025,23,5,January,2025,23,143,24305
5/24/2025,24,5,January,2025,24,144,24305
5/25/2025,25,5,January,2025,25,145,24305
5/26/2025,26,5,January,2025,26,146,24305
5/27/2025,27,5,January,2025,27,147,24305
5/28/2025,28,5,January,2025,28,148,24305
5/29/2025,29,5,January,2025,29,149,24305
5/30/2025,30,5,January,2025,30,150,24305
5/31/2025,31,5,January,2025,31,151,24305
6/1/2025,1,6,January,2025,1,152,24306
6/2/2025,2,6,January,2025,2,153,24306
6/3/2025,3,6,January,2025,3,154,24306
6/4/2025,4,6,January,2025,4,155,24306
6/5/2025,5,6,January,2025,5,156,24306
6/6/2025,6,6,January,2025,6,157,24306
6/7/2025,7,6,January,2025,7,158,24306
6/8/2025,8,6,January,2025,8,159,24306
6/9/2025,9,6,January,2025,9,160,24306
6/10/2025,10,6,January,2025,10,161,24306
6/11/2025,11,6,January,2025,11,162,24306
6/12/2025,12,6,January,2025,12,163,24306
6/13/2025,13,6,January,2025,13,164,24306
6/14/2025,14,6,January,2025,14,165,24306
6/15/2025,15,6,January,2025,15,166,24306
6/16/2025,16,6,January,2025,16,167,24306
6/17/2025,17,6,January,2025,17,168,24306
6/18/2025,18,6,January,2025,18,169,24306
6/19/2025,19,6,January,2025,19,170,24306
6/20/2025,20,6,January,2025,20,171,24306
6/21/2025,21,6,January,2025,21,172,24306
6/22/2025,22,6,January,2025,22,173,24306
6/23/2025,23,6,January,2025,23,174,24306
6/24/2025,24,6,January,2025,24,175,24306
6/25/2025,25,6,January,2025,25,176,24306
6/26/2025,26,6,January,2025,26,177,24306
6/27/2025,27,6,January,2025,27,178,24306
6/28/2025,28,6,January,2025,28,179,24306
6/29/2025,29,6,January,2025,29,180,24306
6/30/2025,30,6,January,2025,30,181,24306
7/1/2025,1,7,January,2025,1,182,24307
7/2/2025,2,7,January,2025,2,183,24307
7/3/2025,3,7,January,2025,3,184,24307
7/4/2025,4,7,January,2025,4,185,24307
7/5/2025,5,7,January,2025,5,186,24307
7/6/2025,6,7,January,2025,6,187,24307
7/7/2025,7,7,January,2025,7,188,24307
7/8/2025,8,7,January,2025,8,189,24307
7/9/2025,9,7,January,2025,9,190,24307
7/10/2025,10,7,January,2025,10,191,24307
7/11/2025,11,7,January,2025,11,192,24307
7/12/2025,12,7,January,2025,12,193,24307
7/13/2025,13,7,January,2025,13,194,24307
7/14/2025,14,7,January,2025,14,195,24307
7/15/2025,15,7,January,2025,15,196,24307
7/16/2025,16,7,January,2025,16,197,24307
7/17/2025,17,7,January,2025,17,198,24307
7/18/2025,18,7,January,2025,18,199,24307
7/19/2025,19,7,January,2025,19,200,24307
7/20/2025,20,7,January,2025,20,201,24307
7/21/2025,21,7,January,2025,21,202,24307
7/22/2025,22,7,January,2025,22,203,24307
7/23/2025,23,7,January,2025,23,204,24307
7/24/2025,24,7,January,2025,24,205,24307
7/25/2025,25,7,January,2025,25,206,24307
7/26/2025,26,7,January,2025,26,207,24307
7/27/2025,27,7,January,2025,27,208,24307
7/28/2025,28,7,January,2025,28,209,24307
7/29/2025,29,7,January,2025,29,210,24307
7/30/2025,30,7,January,2025,30,211,24307
7/31/2025,31,7,January,2025,31,212,24307
8/1/2025,1,8,January,2025,1,213,24308
8/2/2025,2,8,January,2025,2,214,24308
8/3/2025,3,8,January,2025,3,215,24308
8/4/2025,4,8,January,2025,4,216,24308
8/5/2025,5,8,January,2025,5,217,24308
8/6/2025,6,8,January,2025,6,218,24308
8/7/2025,7,8,January,2025,7,219,24308
8/8/2025,8,8,January,2025,8,220,24308
8/9/2025,9,8,January,2025,9,221,24308
8/10/2025,10,8,January,2025,10,222,24308
8/11/2025,11,8,January,2025,11,223,24308
8/12/2025,12,8,January,2025,12,224,24308
8/13/2025,13,8,January,2025,13,225,24308
8/14/2025,14,8,January,2025,14,226,24308
8/15/2025,15,8,January,2025,15,227,24308
8/16/2025,16,8,January,2025,16,228,24308
8/17/2025,17,8,January,2025,17,229,24308
8/18/2025,18,8,January,2025,18,230,24308
8/19/2025,19,8,January,2025,19,231,24308
8/20/2025,20,8,January,2025,20,232,24308
8/21/2025,21,8,January,2025,21,233,24308
8/22/2025,22,8,January,2025,22,234,24308
8/23/2025,23,8,January,2025,23,235,24308
8/24/2025,24,8,January,2025,24,236,24308
8/25/2025,25,8,January,2025,25,237,24308
8/26/2025,26,8,January,2025,26,238,24308
8/27/2025,27,8,January,2025,27,239,24308
8/28/2025,28,8,January,2025,28,240,24308
8/29/2025,29,8,January,2025,29,241,24308
8/30/2025,30,8,January,2025,30,242,24308
8/31/2025,31,8,January,2025,31,243,24308
9/1/2025,1,9,January,2025,1,244,24309
9/2/2025,2,9,January,2025,2,245,24309
9/3/2025,3,9,January,2025,3,246,24309
9/4/2025,4,9,January,2025,4,247,24309
9/5/2025,5,9,January,2025,5,248,24309
9/6/2025,6,9,January,2025,6,249,24309
9/7/2025,7,9,January,2025,7,250,24309
9/8/2025,8,9,January,2025,8,251,24309
9/9/2025,9,9,January,2025,9,252,24309
9/10/2025,10,9,January,2025,10,253,24309
9/11/2025,11,9,January,2025,11,254,24309
9/12/2025,12,9,January,2025,12,255,24309
9/13/2025,13,9,January,2025,13,256,24309
9/14/2025,14,9,January,2025,14,257,24309
9/15/2025,15,9,January,2025,15,258,24309
9/16/2025,16,9,January,2025,16,259,24309
9/17/2025,17,9,January,2025,17,260,24309
9/18/2025,18,9,January,2025,18,261,24309
9/19/2025,19,9,January,2025,19,262,24309
9/20/2025,20,9,January,2025,20,263,24309
9/21/2025,21,9,January,2025,21,264,24309
9/22/2025,22,9,January,2025,22,265,24309
9/23/2025,23,9,January,2025,23,266,24309
9/24/2025,24,9,January,2025,24,267,24309
9/25/2025,25,9,January,2025,25,268,24309
9/26/2025,26,9,January,2025,26,269,24309
9/27/2025,27,9,January,2025,27,270,24309
9/28/2025,28,9,January,2025,28,271,24309
9/29/2025,29,9,January,2025,29,272,24309
9/30/2025,30,9,January,2025,30,273,24309
10/1/2025,1,10,January,2025,1,274,24310
10/2/2025,2,10,January,2025,2,275,24310
10/3/2025,3,10,January,2025,3,276,24310
10/4/2025,4,10,January,2025,4,277,24310
10/5/2025,5,10,January,2025,5,278,24310
10/6/2025,6,10,January,2025,6,279,24310
10/7/2025,7,10,January,2025,7,280,24310
10/8/2025,8,10,January,2025,8,281,24310
10/9/2025,9,10,January,2025,9,282,24310
10/10/2025,10,10,January,2025,10,283,24310
10/11/2025,11,10,January,2025,11,284,24310
10/12/2025,12,10,January,2025,12,285,24310
10/13/2025,13,10,January,2025,13,286,24310
10/14/2025,14,10,January,2025,14,287,24310
10/15/2025,15,10,January,2025,15,288,24310
10/16/2025,16,10,January,2025,16,289,24310
10/17/2025,17,10,January,2025,17,290,24310
10/18/2025,18,10,January,2025,18,291,24310
10/19/2025,19,10,January,2025,19,292,24310
10/20/2025,20,10,January,2025,20,293,24310
10/21/2025,21,10,January,2025,21,294,24310
10/22/2025,22,10,January,2025,22,295,24310
10/23/2025,23,10,January,2025,23,296,24310
10/24/2025,24,10,January,2025,24,297,24310
10/25/2025,25,10,January,2025,25,298,24310
10/26/2025,26,10,January,2025,26,299,24310
10/27/2025,27,10,January,2025,27,300,24310
10/28/2025,28,10,January,2025,28,301,24310
10/29/2025,29,10,January,2025,29,302,24310
10/30/2025,30,10,January,2025,30,303,24310
10/31/2025,31,10,January,2025,31,304,24310
11/1/2025,1,11,January,2025,1,305,24311
11/2/2025,2,11,January,2025,2,306,24311
11/3/2025,3,11,January,2025,3,307,24311
11/4/2025,4,11,January,2025,4,308,24311
11/5/2025,5,11,January,2025,5,309,24311
11/6/2025,6,11,January,2025,6,310,24311
11/7/2025,7,11,January,2025,7,311,24311
11/8/2025,8,11,January,2025,8,312,24311
11/9/2025,9,11,January,2025,9,313,24311
11/10/2025,10,11,January,2025,10,314,24311
11/11/2025,11,11,January,2025,11,315,24311
11/12/2025,12,11,January,2025,12,316,24311
11/13/2025,13,11,January,2025,13,317,24311
11/14/2025,14,11,January,2025,14,318,24311
11/15/2025,15,11,January,2025,15,319,24311
11/16/2025,16,11,January,2025,16,320,24311
11/17/2025,17,11,January,2025,17,321,24311
11/18/2025,18,11,January,2025,18,322,24311
11/19/2025,19,11,January,2025,19,323,24311
11/20/2025,20,11,January,2025,20,324,24311
11/21/2025,21,11,January,2025,21,325,24311
11/22/2025,22,11,January,2025,22,326,24311
11/23/2025,23,11,January,2025,23,327,24311
11/24/2025,24,11,January,2025,24,328,24311
11/25/2025,25,11,January,2025,25,329,24311
11/26/2025,26,11,January,2025,26,330,24311
11/27/2025,27,11,January,2025,27,331,24311
11/28/2025,28,11,January,2025,28,332,24311
11/29/2025,29,11,January,2025,29,333,24311
11/30/2025,30,11,January,2025,30,334,24311
12/1/2025,1,12,January,2025,1,335,24312
12/2/2025,2,12,January,2025,2,336,24312
12/3/2025,3,12,January,2025,3,337,24312
12/4/2025,4,12,January,2025,4,338,24312
12/5/2025,5,12,January,2025,5,339,24312
12/6/2025,6,12,January,2025,6,340,24312
12/7/2025,7,12,January,2025,7,341,24312
12/8/2025,8,12,January,2025,8,342,24312
12/9/2025,9,12,January,2025,9,343,24312
12/10/2025,10,12,January,2025,10,344,24312
12/11/2025,11,12,January,2025,11,345,24312
12/12/2025,12,12,January,2025,12,346,24312
12/13/2025,13,12,January,2025,13,347,24312
12/14/2025,14,12,January,2025,14,348,24312
12/15/2025,15,12,January,2025,15,349,24312
12/16/2025,16,12,January,2025,16,350,24312
12/17/2025,17,12,January,2025,17,351,24312
12/18/2025,18,12,January,2025,18,352,24312
12/19/2025,19,12,January,2025,19,353,24312
12/20/2025,20,12,January,2025,20,354,24312
12/21/2025,21,12,January,2025,21,355,24312
12/22/2025,22,12,January,2025,22,356,24312
12/23/2025,23,12,January,2025,23,357,24312
12/24/2025,24,12,January,2025,24,358,24312
12/25/2025,25,12,January,2025,25,359,24312
12/26/2025,26,12,January,2025,26,360,24312
12/27/2025,27,12,January,2025,27,361,24312
12/28/2025,28,12,January,2025,28,362,24312
12/29/2025,29,12,January,2025,29,363,24312
12/30/2025,30,12,January,2025,30,364,24312
12/31/2025,31,12,January,2025,31,365,24312
1/1/2026,1,1,January,2026,1,1,24313
1/2/2026,2,1,January,2026,2,2,24313
1/3/2026,3,1,January,2026,3,3,24313
1/4/2026,4,1,January,2026,4,4,24313
1/5/2026,5,1,January,2026,5,5,24313
1/6/2026,6,1,January,2026,6,6,24313
1/7/2026,7,1,January,2026,7,7,24313
1/8/2026,8,1,January,2026,8,8,24313
1/9/2026,9,1,January,2026,9,9,24313
1/10/2026,10,1,January,2026,10,10,24313
1/11/2026,11,1,January,2026,11,11,24313
1/12/2026,12,1,January,2026,12,12,24313
1/13/2026,13,1,January,2026,13,13,24313
1/14/2026,14,1,January,2026,14,14,24313
1/15/2026,15,1,January,2026,15,15,24313
1/16/2026,16,1,January,2026,16,16,24313
1/17/2026,17,1,January,2026,17,17,24313
1/18/2026,18,1,January,2026,18,18,24313
1/19/2026,19,1,January,2026,19,19,24313
1/20/2026,20,1,January,2026,20,20,24313
1/21/2026,21,1,January,2026,21,21,24313
1/22/2026,22,1,January,2026,22,22,24313
1/23/2026,23,1,January,2026,23,23,24313
1/24/2026,24,1,January,2026,24,24,24313
1/25/2026,25,1,January,2026,25,25,24313
1/26/2026,26,1,January,2026,26,26,24313
1/27/2026,27,1,January,2026,27,27,24313
1/28/2026,28,1,January,2026,28,28,24313
1/29/2026,29,1,January,2026,29,29,24313
1/30/2026,30,1,January,2026,30,30,24313
1/31/2026,31,1,January,2026,31,31,24313
2/1/2026,1,2,January,2026,1,32,24314
2/2/2026,2,2,January,2026,2,33,24314
2/3/2026,3,2,January,2026,3,34,24314
2/4/2026,4,2,January,2026,4,35,24314
2/5/2026,5,2,January,2026,5,36,24314
2/6/2026,6,2,January,2026,6,37,24314
2/7/2026,7,2,January,2026,7,38,24314
2/8/2026,8,2,January,2026,8,39,24314
2/9/2026,9,2,January,2026,9,40,24314
2/10/2026,10,2,January,2026,10,41,24314
2/11/2026,11,2,January,2026,11,42,24314
2/12/2026,12,2,January,2026,12,43,24314
2/13/2026,13,2,January,2026,13,44,24314
2/14/2026,14,2,January,2026,14,45,24314
2/15/2026,15,2,January,2026,15,46,24314
2/16/2026,16,2,January,2026,16,47,24314
2/17/2026,17,2,January,2026,17,48,24314
2/18/2026,18,2,January,2026,18,49,24314
2/19/2026,19,2,January,2026,19,50,24314
2/20/2026,20,2,January,2026,20,51,24314
2/21/2026,21,2,January,2026,21,52,24314
2/22/2026,22,2,January,2026,22,53,24314
2/23/2026,23,2,January,2026,23,54,24314
2/24/2026,24,2,January,2026,24,55,24314
2/25/2026,25,2,January,2026,25,56,24314
2/26/2026,26,2,January,2026,26,57,24314
2/27/2026,27,2,January,2026,27,58,24314
2/28/2026,28,2,January,2026,28,59,24314
3/1/2026,1,3,January,2026,1,60,24315
3/2/2026,2,3,January,2026,2,61,24315
3/3/2026,3,3,January,2026,3,62,24315
3/4/2026,4,3,January,2026,4,63,24315
3/5/2026,5,3,January,2026,5,64,24315
3/6/2026,6,3,January,2026,6,65,24315
3/7/2026,7,3,January,2026,7,66,24315
3/8/2026,8,3,January,2026,8,67,24315
3/9/2026,9,3,January,2026,9,68,24315
3/10/2026,10,3,January,2026,10,69,24315
3/11/2026,11,3,January,2026,11,70,24315
3/12/2026,12,3,January,2026,12,71,24315
3/13/2026,13,3,January,2026,13,72,24315
3/14/2026,14,3,January,2026,14,73,24315
3/15/2026,15,3,January,2026,15,74,24315
3/16/2026,16,3,January,2026,16,75,24315
3/17/2026,17,3,January,2026,17,76,24315
3/18/2026,18,3,January,2026,18,77,24315
